id,created_at,name,href,username,imageSrc
1,2022-04-22 19:36:14+00,Fred,https://www.pinterest.com.mx/pin/454722893631816071/,@fredulike,https://i.pinimg.com/564x/75/a4/1d/75a41d14fe75ad2b077f235333409519.jpg
2,2022-04-23 09:01:14+00,Ronda,https://www.pinterest.com.mx/pin/833517843528789154/,@rondacool,https://i.pinimg.com/564x/22/76/7e/22767e7648b61c8e5d5f6ab5e3a7cba0.jpg
3,2022-04-23 09:06:39+00,melony,https://www.pinterest.com.mx/pin/629729960396993717/,@melonyrocker,https://i.pinimg.com/564x/b4/8f/d6/b48fd606fb91dc8cf5f7a7cd63cea2a2.jpg
4,2022-04-23 09:08:14+00,Crazy Horse,https://www.pinterest.com.mx/pin/527695281350696920/,@crazyhorse,https://i.pinimg.com/564x/8a/b4/a0/8ab4a0d3b4c6acbe9bd95dcf60050c38.jpg
5,2022-04-23 09:09:14+00,Hell's Angelface,https://www.pinterest.com.mx/pin/95138610866582245/,@facewithoutfear,https://i.pinimg.com/736x/3b/43/4c/3b434c9cae8e692a979af5a95dd79e5e.jpg
6,2022-04-23 09:12:29+00,Wild Lena,https://www.pinterest.com.mx/pin/323977766954808209/,@wildlena,https://i.pinimg.com/564x/d3/fc/b8/d3fcb83b34483ad13ada11f4e56d9343.jpg
7,2022-04-23 09:13:30+00,Boxer Kate,https://www.pinterest.com.mx/pin/90846117472030588/,@boxerkate,https://i.pinimg.com/564x/94/8f/96/948f962e052f3d9e49e2fc9e1f92d04b.jpg
8,2022-04-23 09:14:32+00,Debbie Macdo,https://www.pinterest.com.mx/pin/578712620873351543/,@debbiemacdo,https://i.pinimg.com/564x/f3/3a/2f/f33a2f797f4cb637b5b022d079cb5933.jpg
9,2022-04-23 09:17:24+00,Sarah Bean,https://www.pinterest.com.mx/pin/357543657927078459/,@sarahbean,https://i.pinimg.com/564x/1d/7a/a9/1d7aa91ee05a52c51b15ebe1e4140d47.jpg
10,2022-04-23 09:18:47+00,Felony Kate,https://www.pinterest.com.mx/pin/1125968647739292/,@felonykate1,https://i.pinimg.com/564x/19/82/99/198299164bf2dd81580181172f194330.jpg
11,2022-04-23 09:20:14+00,Kaley MacDonald,https://www.pinterest.com.mx/pin/584412489157305290/,@kaleymacd,https://i.pinimg.com/564x/7d/e4/58/7de4584ff5841bb9ab70a0b3b0f5b7da.jpg
12,2022-04-23 09:21:16+00,Black Night,https://www.pinterest.com.mx/pin/986921705815255246/,@blacknitey,https://i.pinimg.com/564x/94/65/90/9465907fb015816772ad97e4cd32cf33.jpg